{"schemaVersion":"1.0","appDefinitionTemplate":{"id":"/providers/Microsoft.PowerApps/apps/","type":"Microsoft.PowerApps/apps","tags":{"primaryDeviceWidth":"1366","primaryDeviceHeight":"768","sienaVersion":"20200616T203108Z-3.20053.24.0","deviceCapabilities":"","supportsPortrait":"false","supportsLandscape":"true","primaryFormFactor":"Tablet","publisherVersion":"3.20053.24","minimumRequiredApiVersion":"2.2.0","hasComponent":"false","hasUnlockedComponent":"false","isUnifiedRootApp":"false"},"properties":{"appVersion":"2020-06-16T20:31:08Z","lifeCycleId":"Published","createdByClientVersion":{"major":3,"minor":20053,"build":24,"revision":0,"majorRevision":0,"minorRevision":0},"minClientVersion":{"major":3,"minor":20053,"build":24,"revision":0,"majorRevision":0,"minorRevision":0},"backgroundColor":"rgba(104, 101, 171, 1)","backgroundImageUri":"/18299699826147318977/N39185a35-a204-4b2c-9a21-437cb6aae94b-logoSmallFile","displayName":"CDS Admin","description":"An app for the Dynamics Business Admins and System admins to -\n1. Assign a new license to a user\n2. Revoke a license for a user\n3. Manage Security Roles","commitMessage":"","appUris":{"documentUri":{"value":"/18299699826147318977/Nac90ffcd-2e49-4626-85a4-f33c3d4344ba-document.msapp","readonlyValue":"/18299699826147318977/Nac90ffcd-2e49-4626-85a4-f33c3d4344ba-document.msapp"},"imageUris":[]},"createdTime":"0001-01-01T00:00:00Z","lastModifiedTime":"0001-01-01T00:00:00Z","sharedGroupsCount":0,"sharedUsersCount":0,"icons":{"smallIconUri":"/18299699826147318977/N4d608ae9-9503-4e0d-b5df-c7a3fce864aa-small.png","mediumIconUri":"/18299699826147318977/N98db2a2b-f0c2-4881-9bbb-eb0f3fe16c23-medium.png","largeIconUri":"/18299699826147318977/N67ac8589-024a-4ffb-9639-e5cb1559e8e5-large.png","wideIconUri":"/18299699826147318977/Naad5bb59-ede4-4ffc-893e-5b00ebd68890-wide.png"},"connectionReferences":{"383c8406-eb22-4ed1-8af1-c1f120ee560c":{"id":"b86f0058-f065-4a3b-a0be-3bc8990c5e40","displayName":"Office 365 Users","iconUri":"https://connectoricons-prod.azureedge.net/office365users/icon_1.0.1357.2029.png","dataSources":["Office365Users"],"dependencies":[],"dependents":[],"parameterHints":{},"isOnPremiseConnection":false,"bypassConsent":false,"dataSets":{},"apiTier":"Standard","isCustomApiConnection":false}},"databaseReferences":{"default.cds":{"databaseDetails":{"referenceType":"Environmental","environmentName":"default.cds"},"dataSources":{"Users":{"entitySetName":"systemusers","logicalName":"systemuser"},"Security Roles":{"entitySetName":"roles","logicalName":"role"},"Field Security Profiles":{"entitySetName":"fieldsecurityprofiles","logicalName":"fieldsecurityprofile"},"Business Units":{"entitySetName":"businessunits","logicalName":"businessunit"}}}},"almMode":"Environment","performanceOptimizationEnabled":true,"canConsumeAppPass":true},"isAppComponentLibrary":false,"appType":"ClassicCanvasApp","appComponents":[]}}